ID,y
1,79.712715
2,95.915
3,81.350365
4,77.47004
5,109.934296
8,91.828094
10,103.86779
11,94.42594
12,117.251785
14,95.56161
15,115.41094
16,104.94722
17,100.21246
19,90.913895
20,102.5388
21,100.58999
22,117.16627
23,100.21246
26,96.97707
28,96.25172
29,100.21246
33,100.21246
35,94.041115
41,100.21246
42,95.65585
43,114.8617
45,102.04032
46,102.48686
51,94.09802
53,84.80827
55,108.49935
56,102.84056
57,107.398056
58,100.0592
59,102.78678
63,104.025925
64,96.1745
65,99.66933
69,95.31558
71,97.6851
72,103.97929
73,94.281975
76,103.50595
77,95.00401
78,116.61645
82,95.23406
83,99.66933
84,100.2115
85,105.43934
87,112.243
88,100.21246
89,108.48384
91,97.47043
93,101.16929
94,102.88625
95,96.0093
96,112.2876
97,93.403984
98,106.80976
99,95.82608
101,103.986305
103,108.48384
104,93.30363
105,108.2803
110,96.89478
111,100.10276
113,105.61998
114,95.96049
115,111.33729
117,108.48384
120,95.57625
121,112.5814
122,93.34536
123,105.42093
126,108.79649
132,108.733345
135,110.3196
137,100.10961
138,95.543785
140,101.014725
142,110.339745
144,111.94077
148,92.85975
149,104.34493
155,95.64452
156,113.0214
157,93.403984
162,113.09668
163,96.289955
167,95.815636
172,114.8617
179,107.68325
180,92.20181
181,109.210655
182,98.44398
183,108.48384
185,108.48384
187,106.59402
188,92.94058
189,96.57442
191,94.662094
192,103.321594
193,94.35831
194,109.3303
195,94.82091
196,98.40788
198,107.06316
199,112.85636
201,100.59464
204,95.85686
205,105.51814
206,107.413376
210,96.210335
211,103.986305
216,113.00177
219,117.251785
220,93.89991
221,109.32206
226,109.210655
227,95.778145
228,111.81287
230,109.49877
231,93.403984
235,117.16627
236,100.83241
238,111.7127
242,102.63077
243,94.00291
244,76.54247
245,113.26322
247,111.45666
248,95.561745
249,93.46133
250,113.08127
251,100.83241
253,117.16627
254,95.66435
256,94.195244
257,93.05515
258,108.465706
259,95.493515
262,87.4798
266,98.007645
267,113.42964
272,102.3919
273,108.48384
275,95.45108
276,108.16504
279,94.685905
280,99.66933
283,93.38387
285,110.99596
288,108.48384
289,111.58735
290,100.71553
291,95.669014
292,104.440865
293,105.28937
296,95.11361
297,106.25393
298,116.49749
299,94.548096
304,93.27894
305,86.326935
306,95.05313
307,108.47555
311,103.12643
313,109.30631
314,93.97915
316,110.51435
324,107.42576
327,102.53891
329,92.91442
330,109.57122
337,97.614586
338,96.8839
339,95.4563
340,95.24562
343,92.445595
345,115.41094
346,96.17628
347,110.668594
349,109.69101
350,94.047516
352,103.339294
353,93.32432
354,88.19462
357,95.66301
358,107.81777
362,105.38116
364,106.324814
365,103.29146
366,102.721436
367,106.13638
368,94.59263
370,81.562935
373,101.11055
377,93.757126
378,106.27318
382,103.50595
384,111.89171
390,92.6534
392,113.29513
393,110.88591
395,94.13506
396,97.19612
399,79.19076
406,109.30631
408,109.30631
409,92.99211
410,79.82279
412,112.295204
413,90.11908
419,96.844124
420,107.017746
421,90.39063
430,105.238075
434,94.06364
436,96.613625
437,100.09398
438,90.691666
439,111.95954
440,99.14195
443,101.63408
446,96.02839
448,93.33855
452,96.17768
453,110.11764
457,99.85818
458,95.27841
459,113.31845
460,105.56094
462,103.14599
464,99.39258
465,117.251785
467,112.12079
471,102.79107
472,77.41503
473,102.9116
475,96.7759
480,100.69016
488,108.63703
490,108.47555
491,103.36514
492,81.174706
493,96.08004
497,92.714714
498,105.44103
499,93.79866
500,101.952644
501,95.6069
502,107.687035
506,93.45285
510,108.03986
511,91.57616
512,93.654976
516,96.761826
518,96.62747
519,110.305435
521,91.45828
522,112.506935
526,111.68466
529,105.40463
532,110.548805
533,95.03429
536,109.71064
537,95.886795
539,94.13395
540,103.60248
541,97.083176
543,98.837166
546,108.87439
547,101.28751
548,90.74587
551,95.13601
552,106.846054
556,98.41855
557,99.143585
558,106.13638
559,95.74208
560,104.75532
562,104.334366
566,97.3293
570,105.44103
571,100.09398
572,99.29401
573,93.79483
575,117.251785
576,111.35479
577,94.187614
579,92.178
580,111.50627
581,108.40007
589,108.47555
591,112.275276
593,94.04355
594,104.90686
595,93.285164
598,95.69324
602,107.860085
604,111.39877
606,105.53041
608,103.019005
609,103.986305
610,96.175354
616,106.973816
617,95.622955
618,106.19167
620,107.812416
622,101.62713
623,89.82682
624,107.569885
626,113.88766
628,110.22136
629,96.46687
630,109.577614
637,91.1967
638,95.857796
643,106.692635
645,100.69016
646,109.08748
648,95.16555
652,99.05611
653,100.072365
654,105.44103
656,109.04594
657,102.9437
659,96.3545
660,112.18968
663,95.011894
664,109.82762
666,109.675186
668,104.49604
669,93.4012
671,94.90393
675,93.463806
677,97.19438
678,108.39243
679,104.08494
682,103.33493
685,109.340324
687,96.98004
688,94.37466
693,109.877884
696,100.93731
698,91.409546
701,100.86122
704,99.42988
705,116.76159
709,105.3612
710,99.10691
711,105.4273
712,101.657036
714,112.25171
715,91.96288
716,108.579834
717,93.14959
720,115.68066
721,94.662094
724,102.43087
725,96.343636
726,103.028694
728,109.70789
731,99.368774
734,111.41527
738,93.157074
745,105.8594
746,94.200806
751,79.13439
754,96.48008
756,96.98835
758,98.57051
759,111.16338
761,116.30425
766,98.41583
767,106.47783
768,89.82682
769,105.505646
770,100.23182
771,81.17924
772,107.12943
773,94.71354
774,104.21311
776,111.76475
777,105.687386
780,114.8617
782,103.96576
787,101.213326
788,94.154045
792,90.99658
793,113.10158
798,103.538795
800,90.86863
806,108.579834
809,112.25114
811,108.551956
812,92.93676
814,117.251785
816,105.58468
817,94.45134
818,102.72569
820,103.06437
823,95.324745
829,92.33518
830,112.74937
831,91.657974
834,113.24809
839,100.48309
841,81.50055
844,103.795456
845,93.97933
848,93.02401
850,109.63912
851,105.50417
852,98.80606
854,93.14516
855,101.04819
856,107.362335
859,102.193214
861,104.21311
864,94.37608
865,103.58879
866,93.02759
867,97.53828
869,98.1292
871,92.69656
872,108.579834
882,102.82247
883,94.00373
885,96.174515
888,101.64749
893,107.36198
901,108.308784
903,103.728424
904,92.82974
905,107.1187
910,99.4817
911,114.25009
914,108.149376
918,103.78385
921,90.841385
928,96.27049
929,108.21692
932,104.21893
933,94.40562
934,99.4817
935,107.335236
937,80.30575
939,94.56819
940,100.9197
941,97.27022
942,105.96423
943,91.485596
944,104.09454
947,108.579834
949,110.9295
951,103.80788
952,95.163055
953,103.728424
954,77.17137
957,111.11867
959,89.95296
960,111.60746
963,117.251785
965,108.579834
967,108.74068
971,94.00042
972,77.8476
973,90.45721
974,110.99316
975,97.77851
978,111.83395
980,98.11771
981,93.36348
984,109.14031
986,99.4817
988,89.82682
989,109.49208
990,105.30584
992,108.308784
996,101.01733
999,109.42532
1000,102.09755
1001,103.58879
1002,90.382965
1003,111.76475
1004,90.63487
1008,112.15119
1009,98.63983
1010,107.141846
1012,110.90863
1013,93.60313
1014,106.92503
1015,95.23999
1016,116.82512
1019,94.527275
1020,105.87198
1021,99.4817
1022,98.85368
1024,99.4817
1025,89.08366
1027,96.47637
1028,110.04609
1029,99.10343
1030,97.14375
1033,111.108635
1036,105.765854
1037,106.11481
1038,90.857216
1042,94.56819
1043,110.50887
1044,94.88336
1045,112.53106
1047,113.8268
1050,96.71273
1051,108.33401
1054,95.29851
1056,93.36348
1057,94.100555
1059,95.47075
1062,107.7837
1063,98.885735
1064,93.36348
1066,94.03629
1070,111.98104
1076,112.79962
1077,98.029
1078,113.9973
1080,105.27548
1082,100.02104
1083,102.53891
1089,104.47574
1091,101.64749
1093,94.288155
1097,95.25831
1099,93.36874
1101,99.37688
1103,99.834145
1104,112.8121
1106,106.26888
1109,94.13732
1110,109.32521
1111,110.493515
1112,111.21419
1114,94.00023
1116,94.90244
1117,113.46638
1120,98.284904
1124,110.41379
1125,94.5178
1126,114.17371
1134,104.07629
1137,93.3521
1138,111.76414
1144,108.85326
1145,93.285164
1146,93.97915
1148,99.834145
1150,98.57958
1152,103.795456
1153,103.76935
1154,104.11855
1155,93.031586
1157,98.23152
1162,95.01046
1165,111.83477
1166,97.52324
1167,100.06988
1168,101.13874
1169,102.193214
1171,117.16627
1172,98.95159
1173,102.193214
1174,97.95796
1176,104.61658
1177,106.706215
1178,95.71307
1182,112.58884
1186,100.30846
1187,106.04326
1188,93.46133
1189,114.8617
1191,103.77518
1192,94.928986
1197,111.18224
1198,96.16277
1200,79.14337
1201,94.68171
1203,96.805016
1209,117.251785
1214,106.335045
1218,111.43061
1222,97.37588
1226,97.844315
1228,96.84298
1230,101.93085
1232,79.482796
1233,108.54633
1236,109.55143
1238,98.17768
1241,108.85326
1244,98.345375
1246,98.709236
1247,97.01181
1250,105.0943
1251,96.243744
1254,103.68171
1255,99.06484
1256,107.88245
1257,97.353004
1258,106.51469
1259,110.22691
1260,94.1735
1263,109.26789
1267,78.894
1268,107.6654
1271,94.56646
1272,107.36198
1274,105.57822
1275,95.01046
1276,108.33401
1277,90.856964
1279,93.97915
1281,98.43075
1282,93.46133
1283,105.544014
1285,105.56516
1286,95.44825
1289,113.30756
1296,99.33204
1299,100.17268
1301,101.01733
1306,91.358574
1307,96.40609
1308,93.813385
1313,108.33401
1314,96.00773
1315,109.32521
1316,92.09231
1317,107.91181
1319,92.47001
1323,105.36692
1324,109.22149
1325,95.78471
1328,103.75766
1329,91.89435
1330,104.21311
1331,96.90217
1332,104.44201
1337,100.68473
1338,99.084984
1339,92.16724
1340,101.6202
1343,107.09686
1347,108.505196
1348,96.52721
1349,109.644135
1352,95.707596
1354,101.465416
1359,110.822235
1360,100.30702
1363,107.23522
1364,102.05566
1365,103.39198
1366,103.61351
1372,102.772575
1375,98.618286
1376,95.49157
1378,95.99238
1379,107.782684
1380,100.877205
1381,101.11717
1384,110.54123
1387,99.80927
1388,106.899315
1392,76.28812
1394,101.49852
1395,95.957115
1396,107.600914
1398,96.40132
1399,107.600914
1400,92.38401
1401,92.77896
1403,101.87144
1404,97.96547
1406,107.600914
1407,95.767586
1408,110.80652
1410,79.089195
1412,109.25517
1413,93.78709
1415,95.79683
1420,110.80652
1422,109.9954
1423,102.38114
1424,110.80652
1425,99.913086
1426,79.089195
1427,99.01529
1429,91.08569
1430,106.0461
1431,103.920166
1432,100.097435
1434,110.95009
1437,94.47488
1438,104.08756
1440,109.51637
1441,106.27796
1442,95.364265
1444,107.58143
1445,95.639206
1446,103.487206
1448,94.47731
1453,93.41195
1454,109.25517
1455,94.57809
1456,106.17757
1458,109.25517
1459,95.21351
1461,97.60865
1465,99.80927
1466,111.40192
1469,105.139046
1472,93.41195
1474,93.56944
1477,107.246475
1479,105.30221
1482,110.79678
1483,78.64842
1487,95.908066
1488,105.32517
1490,113.132744
1492,108.479164
1494,117.22832
1496,98.50615
1497,96.30072
1499,103.44317
1502,94.22648
1507,103.6826
1508,95.707596
1509,106.06393
1511,99.177414
1512,109.47742
1513,116.961555
1514,100.976295
1518,111.28729
1519,93.24768
1522,111.83528
1524,78.54752
1527,95.364265
1529,95.91408
1532,107.01227
1536,111.57837
1537,117.98737
1539,99.334915
1542,109.10703
1543,95.49157
1544,105.563156
1545,77.760605
1550,95.52977
1551,103.626564
1554,104.46257
1556,107.39881
1559,92.76038
1560,78.98067
1562,101.44013
1566,93.52353
1567,110.2968
1569,105.45653
1570,111.876495
1571,111.60873
1574,95.707596
1578,106.46565
1580,93.68206
1583,104.59802
1584,95.707596
1585,108.27735
1586,104.8622
1587,111.25665
1588,95.928925
1590,116.71486
1592,105.23613
1596,100.434456
1598,108.92802
1599,94.496346
1604,112.67743
1606,103.04712
1607,93.78709
1608,101.05002
1609,116.67898
1611,95.622055
1613,97.7456
1616,97.92176
1619,109.472374
1620,93.393845
1621,110.23222
1622,103.334625
1625,108.24418
1627,116.67898
1629,101.63994
1634,100.10166
1636,95.32917
1638,107.60174
1639,97.900925
1641,99.32678
1643,95.38419
1644,101.73925
1645,118.456474
1646,100.168915
1647,105.54511
1648,96.12116
1652,93.68206
1653,113.02495
1656,97.12746
1658,94.496346
1659,109.6227
1661,102.57652
1663,93.78709
1664,106.013954
1665,94.91369
1666,107.39881
1667,99.435646
1668,78.02536
1669,101.208115
1670,95.46525
1672,112.44501
1674,107.59621
1677,105.32517
1678,94.33764
1679,110.27178
1680,99.47969
1683,108.02633
1686,105.12865
1687,109.30338
1689,107.76788
1690,92.59586
1691,116.21939
1692,113.16744
1693,95.707596
1695,96.28812
1696,93.41195
1697,109.41188
1700,107.39881
1701,95.34945
1702,111.201416
1703,93.873276
1704,108.12512
1706,95.28464
1707,108.88185
1708,97.15378
1710,94.2119
1711,103.99849
1713,103.73011
1717,106.491066
1719,106.46565
1720,94.90986
1722,94.906975
1725,104.612656
1726,97.665436
1727,103.41273
1729,103.00752
1730,90.211334
1731,107.83204
1733,107.39881
1734,96.272255
1735,109.9954
1738,97.7456
1742,104.90716
1745,107.59621
1747,94.97542
1749,102.23246
1751,97.32239
1752,78.47067
1753,101.590904
1754,98.384865
1755,94.509796
1756,100.6342
1758,106.9346
1759,94.57809
1760,107.018715
1761,110.31931
1762,93.53776
1763,106.7267
1764,106.05669
1766,100.56082
1768,93.785416
1769,79.02391
1771,105.86927
1772,97.06739
1773,106.76456
1774,99.17034
1775,108.08422
1777,112.49052
1779,94.57809
1780,107.18534
1787,93.873276
1788,95.90226
1790,96.52062
1796,112.580864
1801,93.18328
1803,95.38768
1807,111.40005
1809,103.72323
1812,101.65203
1813,107.26233
1814,101.13033
1815,110.265495
1816,97.282
1818,95.59407
1820,93.20101
1821,114.11351
1822,95.12773
1825,94.51103
1826,105.913506
1828,96.82743
1831,103.70591
1836,102.011055
1837,95.26322
1841,94.04676
1844,106.35941
1848,92.40171
1851,99.334915
1852,98.797455
1853,95.03867
1854,95.94709
1856,105.911835
1859,103.713196
1860,96.85913
1861,78.62727
1863,107.88707
1865,95.826515
1866,101.75584
1867,96.27275
1868,94.085785
1872,94.83881
1879,99.17504
1880,106.66167
1882,96.271484
1885,108.02633
1887,102.591324
1888,96.16556
1890,103.324585
1894,98.39594
1895,101.85989
1896,93.450905
1897,112.23749
1900,109.32545
1901,92.76038
1902,104.98551
1905,98.96129
1906,107.177795
1912,106.46565
1915,96.38933
1916,108.987656
1917,95.765396
1918,102.95481
1920,75.04199
1923,98.84036
1924,102.23953
1925,96.771706
1930,116.67898
1932,111.845215
1933,111.44804
1934,109.72405
1935,92.12746
1940,79.089195
1941,96.389046
1942,111.06745
1943,97.229095
1944,92.25141
1945,102.5407
1948,117.98737
1949,91.94472
1952,102.322945
1954,95.707596
1955,114.57493
1958,97.730774
1959,85.04171
1960,106.7267
1963,96.12734
1965,102.1174
1968,100.7074
1969,102.05566
1971,96.41628
1972,110.03071
1973,93.68831
1975,93.48411
1977,101.77645
1978,97.071724
1979,107.97583
1981,93.64669
1982,110.274925
1987,112.75829
1988,93.52353
1993,100.82004
1997,94.12089
1999,96.08183
2001,97.7456
2002,114.47718
2003,99.62173
2004,77.79082
2006,109.50655
2007,94.12213
2009,107.018715
2010,94.53941
2013,103.418976
2018,73.32056
2022,96.814354
2024,111.48301
2025,95.465836
2026,104.156425
2030,107.55281
2031,96.0986
2032,106.46565
2033,96.557304
2035,98.73914
2036,110.84259
2037,94.49911
2040,97.221886
2043,108.42755
2044,114.92558
2046,106.43212
2054,110.06203
2055,96.78748
2056,107.18534
2059,94.9122
2060,92.76038
2062,92.53153
2063,108.969315
2066,98.39594
2067,116.1466
2072,104.74705
2073,108.605545
2074,107.37093
2075,101.64834
2076,95.11777
2080,95.52781
2082,92.76038
2085,99.0222
2087,110.68569
2091,108.2383
2092,99.02007
2093,107.18534
2098,104.80406
2101,106.7267
2102,94.98009
2103,79.089195
2105,102.01343
2106,94.71261
2107,99.26566
2110,96.52547
2114,101.3886
2115,112.46234
2117,88.05577
2118,96.03914
2119,107.465195
2120,96.99642
2122,102.896194
2123,112.92149
2126,94.05297
2127,106.3322
2128,94.81673
2129,109.074684
2132,110.14915
2135,104.89217
2138,105.37417
2139,116.67898
2141,114.26746
2142,94.64991
2146,98.039536
2151,110.08685
2157,106.83167
2159,100.48665
2162,92.88767
2164,117.86359
2167,94.58892
2168,109.72252
2171,95.71716
2173,95.55709
2174,103.00305
2175,94.96177
2178,92.124245
2180,97.7456
2185,111.25468
2189,94.35874
2190,111.08783
2192,102.848785
2194,109.69791
2200,104.758675
2201,97.27437
2203,108.72114
2204,96.83449
2205,109.39392
2209,112.128914
2213,103.79494
2214,94.17869
2215,109.25903
2216,97.93848
2218,93.63329
2219,108.67026
2220,100.220245
2222,96.60616
2223,102.7598
2225,107.958755
2226,96.86994
2230,99.81419
2233,110.48774
2234,108.23773
2235,96.83449
2236,77.57825
2237,93.04639
2240,117.61777
2241,97.6705
2248,104.1676
2249,102.910614
2250,101.3611
2252,110.778885
2253,101.387794
2254,110.120026
2256,74.80864
2258,94.26877
2259,105.797775
2262,98.453926
2265,92.066216
2266,105.32721
2269,100.966446
2271,102.83969
2273,95.39734
2274,106.72876
2275,96.49613
2277,98.93825
2279,96.83449
2280,77.853424
2282,97.7456
2283,101.80921
2288,95.25684
2289,108.4471
2291,95.95311
2292,117.40211
2297,105.52331
2298,106.568245
2299,98.78692
2300,110.89028
2301,93.63142
2304,95.44302
2305,102.14076
2306,98.453926
2308,94.12827
2309,100.92821
2311,106.22711
2312,100.69422
2316,103.46642
2321,103.8026
2322,106.346344
2325,106.140205
2326,95.004265
2329,117.40211
2330,99.26913
2331,102.41486
2332,109.78356
2333,98.453926
2334,105.29335
2335,109.64311
2337,104.93392
2338,100.8431
2340,109.78356
2342,95.487625
2345,93.97374
2349,95.71462
2351,77.35282
2352,95.50344
2354,110.508865
2355,112.25983
2357,107.958755
2358,93.66816
2360,100.2634
2361,110.508865
2364,95.54002
2366,98.40775
2369,98.96724
2370,97.01994
2371,110.365105
2373,103.36222
2374,107.03262
2376,111.108635
2378,109.89425
2382,104.243515
2383,94.21288
2386,107.56974
2387,100.370125
2389,98.48244
2390,105.63395
2392,94.543205
2398,109.78356
2399,94.61339
2400,100.19583
2401,110.68102
2402,95.42804
2404,98.37206
2407,99.61405
2408,103.10859
2409,107.33633
2412,86.32582
2413,102.03836
2415,94.229126
2420,101.75401
2422,98.0726
2423,102.574234
2426,94.82828
2432,99.86109
2434,91.537186
2435,98.19505
2436,110.87825
2438,110.16782
2440,107.57295
2443,104.7406
2444,92.33655
2447,104.1676
2450,94.31479
2454,104.65012
2455,110.04844
2459,98.453926
2460,101.66088
2463,98.04577
2465,95.37069
2468,79.089195
2469,96.62573
2474,95.356026
2478,93.4829
2480,91.64867
2481,117.61777
2489,97.7456
2490,103.02242
2492,91.83505
2496,98.453926
2497,101.32256
2500,95.91298
2505,97.38078
2507,96.05095
2508,109.39392
2509,96.01402
2510,76.747375
2513,92.7142
2515,97.7456
2518,94.21288
2519,103.997894
2520,94.21288
2521,105.43389
2523,100.92839
2525,97.46559
2529,109.28638
2530,97.07521
2533,102.49623
2535,92.11627
2538,99.11262
2544,106.39692
2553,111.148
2556,93.878654
2558,94.05853
2559,114.288475
2560,94.97959
2561,108.50338
2562,96.674805
2563,108.4535
2564,90.433655
2565,111.703354
2567,100.66879
2572,94.81925
2575,96.63397
2576,112.28244
2577,94.08486
2578,96.39369
2579,105.45499
2580,94.34823
2582,102.961754
2583,93.0999
2587,92.87479
2589,109.80399
2590,99.445595
2591,109.28638
2594,96.210175
2597,95.88797
2598,105.549614
2599,94.47533
2600,100.81867
2602,116.15598
2603,94.81925
2604,98.591415
2606,98.73905
2607,78.47067
2608,103.92448
2613,109.48435
2614,99.882675
2615,110.083534
2617,112.27103
2620,100.38862
2623,108.12548
2624,102.056335
2627,109.48435
2629,78.47067
2630,98.28618
2632,102.050125
2636,96.35175
2639,104.61976
2640,107.091866
2642,109.28638
2644,105.563705
2646,98.12331
2647,96.50869
2649,93.62316
2650,104.03892
2652,105.42894
2653,96.5656
2655,102.443344
2657,111.52337
2659,107.340675
2662,94.21288
2663,117.61777
2664,99.90307
2665,102.87026
2670,98.26711
2671,109.382286
2672,93.13648
2675,105.42894
2677,108.659096
2679,98.9173
2683,107.33565
2684,97.177414
2685,103.65436
2688,107.45016
2689,100.22824
2690,103.80348
2693,102.28068
2694,105.62705
2697,106.26321
2699,95.583885
2703,95.32141
2705,106.42349
2709,80.66502
2710,95.84377
2711,108.524376
2712,105.5045
2713,103.1523
2714,106.593094
2715,97.38612
2717,94.21973
2718,115.99883
2720,109.590515
2721,95.640114
2726,102.58814
2728,93.09766
2731,102.98302
2732,109.37763
2734,93.62061
2736,103.82179
2737,96.72464
2738,103.02472
2739,99.472984
2746,94.19594
2749,105.37998
2751,118.53897
2752,103.799995
2753,96.570694
2757,102.88967
2758,95.683754
2759,109.46719
2760,109.579926
2762,109.403305
2764,94.8334
2765,109.49234
2769,108.5162
2771,107.931435
2774,93.481544
2776,95.46768
2777,99.77683
2778,92.43168
2779,107.262215
2782,93.43618
2784,93.97877
2787,94.12094
2789,96.09533
2792,97.703156
2798,95.08631
2799,103.561325
2800,96.48919
2801,76.64732
2802,106.78071
2804,95.853615
2807,103.39198
2808,104.71456
2809,100.89972
2811,116.555725
2812,95.53737
2814,93.84661
2816,97.18506
2817,108.520134
2818,101.5882
2820,97.67249
2821,80.12247
2822,99.901695
2823,108.80232
2824,95.51403
2826,97.136795
2829,93.23048
2834,99.37619
2835,80.11019
2838,99.34293
2839,106.49523
2840,92.8574
2841,106.24669
2842,98.39594
2846,114.09936
2848,98.31718
2849,93.89221
2850,106.593094
2851,93.5199
2853,95.78202
2854,109.28638
2858,107.38913
2861,101.15498
2864,91.83505
2865,117.61777
2866,102.3314
2867,91.726326
2868,112.96838
2870,111.640045
2877,102.83103
2878,109.48435
2880,111.040085
2882,78.01487
2883,99.49545
2884,103.95937
2885,101.117325
2887,97.7456
2888,110.01602
2889,91.55131
2890,103.487206
2891,104.04971
2892,116.81155
2893,94.57899
2898,108.20313
2899,95.36282
2900,108.19638
2901,93.786575
2909,103.43145
2910,109.60462
2911,119.007645
2913,98.88026
2914,106.9021
2918,96.5981
2919,108.44355
2920,96.72226
2921,109.48435
2922,98.15975
2923,100.38415
2925,103.66467
2926,94.34823
2927,109.908936
2929,111.8007
2933,95.41757
2934,105.51156
2936,101.955956
2941,97.28361
2942,97.264366
2943,107.16459
2945,103.403915
2950,94.52193
2951,109.509926
2953,108.30824
2954,99.379776
2955,107.082886
2956,99.69588
2960,104.29238
2962,95.8423
2963,102.14151
2964,103.487206
2966,77.88852
2967,95.75254
2968,98.2529
2969,92.701324
2971,92.73958
2972,105.64366
2974,96.141624
2975,103.20555
2977,117.22832
2980,111.23687
2981,91.05082
2983,101.016106
2984,98.30808
2985,117.40211
2986,98.13837
2987,105.64366
2989,97.03501
2990,108.78746
2991,112.5006
2992,79.02391
2995,107.1657
2996,96.601746
3002,109.98894
3004,106.398926
3005,117.58097
3006,96.22388
3010,99.64729
3011,104.78125
3014,94.34823
3015,96.106125
3016,94.47488
3017,100.89727
3018,93.82941
3021,102.801384
3024,105.549614
3028,95.71863
3030,92.43168
3032,93.342964
3039,93.2991
3040,103.00372
3041,96.91908
3043,104.72296
3044,113.92158
3046,103.44265
3055,96.51478
3056,107.42557
3058,93.533226
3059,107.13614
3061,117.98737
3063,103.068535
3066,97.201385
3067,105.549614
3068,77.70218
3069,95.640114
3072,117.144905
3073,112.33191
3074,96.060555
3077,94.67775
3082,100.33386
3084,107.1657
3085,99.851006
3088,105.563705
3091,97.25292
3092,114.06796
3093,96.74574
3094,102.98302
3096,109.53091
3097,89.957825
3098,74.95237
3102,117.27408
3106,94.53291
3109,96.53838
3111,93.48265
3112,117.58097
3113,95.48688
3115,105.045784
3116,108.88992
3117,96.78756
3121,102.56084
3122,97.12481
3123,95.91298
3124,103.38145
3125,94.47488
3126,102.74451
3127,116.21939
3129,93.55789
3130,110.92385
3132,105.05533
3134,111.43063
3135,105.33152
3137,76.4308
3138,114.48767
3140,109.15637
3144,103.36932
3145,106.0248
3146,109.98262
3147,94.70471
3148,103.26038
3149,108.971504
3150,111.97867
3151,97.67031
3152,100.89093
3155,99.73453
3156,106.593094
3159,92.94996
3161,97.10694
3162,109.88237
3163,95.34132
3165,103.52134
3172,100.93071
3173,100.56476
3176,93.27806
3177,106.85681
3179,103.20555
3183,98.31624
3186,94.99137
3187,101.0052
3189,106.11772
3190,96.19994
3192,116.21939
3193,100.93071
3194,113.815056
3197,95.31493
3198,95.94797
3200,99.47621
3201,118.09166
3202,95.94797
3204,97.221886
3205,93.17671
3206,102.55912
3208,106.557526
3210,103.42081
3211,104.33972
3212,117.98737
3213,96.95975
3214,105.79718
3216,103.487206
3219,91.84614
3220,109.981476
3221,95.48688
3226,108.126076
3227,104.795845
3228,101.92846
3229,95.97608
3232,79.089195
3233,95.41435
3234,93.800674
3236,101.12657
3238,110.39858
3239,112.29919
3240,94.067825
3247,108.25329
3249,104.32848
3252,113.557755
3253,104.07115
3254,106.05179
3255,97.28692
3256,105.86431
3257,94.882996
3262,106.20051
3263,106.28955
3264,99.69588
3266,112.48854
3267,103.89897
3269,98.6532
3272,117.40211
3274,95.31493
3275,104.82261
3277,101.36682
3279,98.643486
3280,107.45135
3283,96.04729
3285,97.7456
3287,107.28887
3288,105.549614
3290,100.32559
3291,93.04639
3298,107.89591
3299,96.53047
3302,109.163994
3303,94.97159
3304,105.601204
3307,94.533966
3309,96.301994
3314,77.32796
3316,111.03892
3317,97.236755
3319,95.971954
3320,107.57456
3321,95.029625
3322,102.1854
3324,93.3812
3326,94.18987
3329,97.36206
3330,90.433655
3331,109.1845
3335,116.81155
3337,99.26772
3338,100.877556
3339,98.051796
3340,113.142746
3341,97.67102
3343,93.11907
3346,94.20141
3348,94.94112
3351,105.549614
3352,117.79384
3355,93.213295
3356,108.02286
3358,106.87426
3359,98.572784
3360,98.06009
3371,98.53737
3372,93.79463
3374,96.01144
3377,106.59921
3378,92.999916
3380,105.22912
3382,98.75992
3386,96.654045
3389,103.9354
3391,105.60817
3393,95.87638
3394,107.03244
3395,94.266014
3397,109.48435
3398,100.9367
3399,81.76322
3400,95.32476
3404,103.59456
3407,111.546715
3409,103.49581
3419,101.33447
3421,97.01184
3425,94.99213
3427,79.28814
3428,117.40211
3429,110.33816
3431,94.85258
3435,94.83444
3436,106.985016
3439,96.12588
3441,101.665695
3442,117.40211
3443,104.22187
3444,103.99556
3445,95.05006
3446,107.06126
3449,91.9618
3453,97.524414
3457,104.53599
3460,103.82179
3461,105.430046
3462,93.41195
3464,103.068535
3465,77.70218
3466,96.3032
3467,104.252014
3468,100.74078
3469,104.999214
3470,95.94264
3472,109.28638
3473,95.707245
3475,93.27756
3476,108.99649
3478,105.12889
3479,93.90382
3483,95.71439
3484,106.297264
3485,102.82361
3487,93.290436
3488,108.38277
3496,109.38719
3497,100.56677
3499,103.920166
3500,78.03401
3501,96.63397
3504,93.78932
3508,103.0563
3511,100.42103
3512,111.32076
3515,92.21628
3517,94.88161
3518,96.63113
3526,111.226074
3528,118.250435
3529,101.47107
3530,109.30522
3531,95.23815
3532,106.34484
3533,95.54861
3534,95.0652
3535,77.78653
3536,98.60064
3537,109.45436
3538,93.918236
3539,107.39815
3540,103.39431
3545,107.64383
3546,92.953865
3550,105.6508
3551,103.74137
3553,95.347885
3554,103.82179
3557,92.74676
3558,108.51982
3559,91.9618
3561,93.126495
3562,109.48435
3563,95.85684
3564,105.549614
3565,95.05006
3567,97.16557
3571,105.549614
3572,99.291725
3574,108.44672
3576,95.70546
3577,106.460335
3578,95.63198
3579,94.00306
3583,96.407814
3585,101.74968
3586,106.71247
3587,112.53493
3593,92.782555
3594,105.8133
3595,93.2991
3599,96.93656
3600,105.35575
3601,109.28638
3602,91.9618
3604,96.86623
3609,117.96787
3610,109.51598
3612,110.812096
3614,101.610634
3615,95.51529
3617,101.31619
3618,109.25752
3619,107.60219
3620,109.21806
3621,95.80169
3625,103.98131
3626,103.00163
3630,102.38719
3631,105.1485
3632,96.88007
3633,93.518166
3634,108.187355
3637,98.93029
3639,94.94983
3640,108.40055
3641,92.57534
3644,110.74531
3645,97.58853
3646,93.4064
3647,94.06872
3648,110.95429
3653,112.08405
3654,98.33353
3655,108.55251
3659,101.65092
3660,100.9007
3662,107.48202
3666,98.464294
3668,99.21405
3671,99.23392
3673,97.66262
3674,106.86174
3675,94.85189
3681,94.89528
3682,112.90681
3686,105.79718
3687,94.25964
3692,78.17285
3695,109.07709
3696,99.23282
3699,110.31125
3705,117.95943
3707,79.089195
3708,95.54007
3709,111.419846
3710,96.271484
3712,96.41713
3715,111.53155
3716,94.66194
3720,102.63462
3722,79.089195
3726,92.97145
3728,95.28162
3729,113.94495
3731,103.87235
3735,108.587364
3736,97.670135
3739,103.314445
3741,111.45634
3743,107.78526
3744,96.52062
3745,112.28513
3746,103.763176
3751,96.133934
3753,97.77274
3760,111.1472
3761,95.31425
3762,108.12739
3763,96.704575
3765,94.353615
3768,109.477554
3769,94.10501
3770,98.638176
3773,111.87472
3774,99.117966
3776,95.60182
3778,95.86818
3779,110.8589
3780,97.124985
3781,101.4813
3782,104.84587
3783,110.599434
3784,99.25118
3786,94.09384
3789,102.620476
3790,98.579094
3793,106.48998
3795,111.14126
3797,98.229836
3798,117.40211
3800,105.60282
3804,99.34373
3810,97.0359
3815,111.861046
3816,99.34373
3818,104.565
3824,109.28638
3828,103.769745
3830,108.75015
3831,95.45649
3832,78.07206
3834,112.67092
3835,96.22936
3836,113.23035
3838,97.7456
3839,117.98737
3840,112.94906
3845,95.05369
3846,111.19806
3847,95.8886
3849,77.36305
3853,106.43814
3855,107.18534
3856,98.573845
3864,80.22806
3865,100.99241
3866,109.96437
3867,106.8791
3868,105.60282
3869,94.92762
3871,96.36937
3875,109.64088
3876,97.04481
3878,90.55149
3879,109.317696
3881,105.60282
3883,105.29252
3884,99.722786
3886,109.36472
3890,101.3453
3893,110.63672
3897,98.58815
3901,96.11173
3902,106.7267
3913,107.08683
3914,93.53205
3916,94.8953
3917,112.6688
3924,100.78585
3925,94.40026
3928,95.48454
3929,114.21936
3932,93.54398
3933,102.09082
3934,78.505714
3935,92.859566
3936,97.11958
3937,109.830284
3938,90.99266
3939,103.93935
3943,92.56755
3944,110.01222
3945,112.94765
3946,95.78054
3947,106.401085
3948,96.340355
3949,111.331314
3950,97.51628
3951,103.58325
3952,92.9441
3953,100.17651
3961,113.296524
3962,93.302124
3966,98.21113
3967,109.84415
3968,101.335945
3969,113.22642
3970,100.6094
3971,101.29141
3973,99.398254
3974,110.3736
3975,111.39788
3977,95.5889
3979,104.42241
3985,103.86605
3986,108.33175
3988,104.131294
3991,94.49722
3992,105.80194
3993,104.14837
3994,97.032974
3995,114.44266
4005,102.451675
4007,96.57495
4008,111.050766
4009,98.97746
4010,106.005226
4011,79.27985
4012,95.18046
4013,99.29334
4015,101.38932
4016,105.48988
4018,100.05801
4025,94.4392
4026,101.14268
4028,110.3721
4029,96.790184
4031,96.93296
4032,112.929436
4033,98.0149
4034,106.554405
4037,99.19121
4038,101.74155
4039,94.75384
4041,96.90224
4042,103.8195
4043,97.63653
4044,102.09082
4045,98.39755
4046,106.450905
4047,96.12032
4048,101.26384
4049,108.508484
4051,92.562355
4052,111.967155
4058,102.95643
4062,111.391045
4064,105.86179
4067,96.80967
4068,77.78401
4070,101.24139
4072,117.32623
4074,110.90035
4075,97.55087
4076,111.47213
4077,96.58962
4078,102.60996
4080,102.09082
4082,101.23671
4085,94.01692
4086,100.208916
4088,101.14268
4089,99.11663
4092,78.21525
4094,97.682274
4095,107.88298
4096,95.99467
4097,109.50043
4102,107.19488
4105,105.5779
4107,112.97226
4111,102.1638
4112,103.84334
4113,98.4039
4114,110.8788
4115,93.8206
4116,105.39044
4117,97.72059
4118,96.680984
4119,106.47076
4120,94.40988
4122,79.36937
4125,95.54851
4126,110.082016
4129,111.81287
4134,107.06426
4137,93.78666
4141,98.06556
4142,98.53013
4144,99.39311
4145,100.78585
4146,108.728584
4150,96.765816
4151,78.150856
4154,96.80967
4156,92.72318
4157,105.72205
4159,105.48988
4160,93.657845
4161,110.28334
4168,94.97641
4171,107.90703
4172,109.1245
4173,97.18066
4175,92.72091
4176,102.09082
4177,99.39311
4178,102.57359
4179,100.70067
4181,104.44294
4183,96.790184
4184,107.54987
4185,92.767944
4186,111.93879
4188,102.53586
4190,112.43935
4192,93.763916
4193,105.876015
4194,110.995476
4195,107.25136
4196,78.23149
4202,96.91705
4203,100.43965
4208,92.17326
4209,112.18725
4210,97.61095
4211,106.63115
4212,117.042305
4214,106.58416
4215,95.8799
4216,101.271904
4217,93.60588
4219,93.17873
4222,109.830284
4224,77.216705
4231,107.13105
4232,96.790184
4234,97.04372
4236,99.39311
4237,103.662834
4240,97.73309
4242,97.99317
4243,93.71206
4247,93.54193
4248,113.31087
4249,100.58943
4254,104.36435
4263,93.20814
4265,109.166565
4267,111.35118
4268,110.89898
4271,108.86324
4272,96.8107
4273,109.11697
4274,93.528336
4276,92.763535
4278,92.838524
4280,96.84781
4281,112.86888
4283,101.43993
4284,107.98306
4285,109.40351
4286,107.70125
4287,94.80747
4288,116.30479
4289,93.9827
4290,87.70672
4293,95.287994
4296,110.30382
4297,95.72795
4299,95.42831
4303,107.583305
4310,100.42015
4312,103.8512
4318,103.720985
4320,102.725945
4322,96.959755
4323,118.673035
4325,106.65073
4326,111.388504
4328,108.2129
4330,108.89698
4332,112.60033
4333,97.604355
4335,97.96238
4336,103.4358
4338,102.446266
4341,95.37379
4342,103.61772
4344,102.95643
4347,96.15787
4348,103.20122
4351,107.261154
4352,95.57089
4353,98.69719
4355,104.359085
4356,94.01692
4359,102.35809
4360,96.944885
4361,96.58346
4364,103.098785
4365,103.95311
4368,99.6172
4372,94.72336
4374,91.942955
4376,94.74731
4377,109.475395
4380,94.160866
4383,104.08824
4384,101.03193
4385,97.529884
4389,97.33141
4391,94.482765
4392,106.467735
4393,91.060776
4395,95.50625
4396,110.61571
4398,110.763275
4399,105.844894
4401,91.075584
4406,100.31078
4408,106.56223
4412,103.20122
4415,96.41308
4418,106.978485
4419,91.942955
4420,77.73476
4422,110.01222
4423,91.942955
4425,97.94457
4428,97.5216
4431,110.767845
4434,97.74996
4436,95.95166
4437,112.35728
4439,117.251785
4440,99.65352
4441,106.30713
4444,98.74851
4445,106.58416
4446,94.38552
4447,108.95994
4452,110.45351
4456,108.4909
4457,94.32666
4458,97.501305
4460,94.01692
4461,116.03985
4462,96.45045
4465,103.29797
4466,97.32764
4468,98.41266
4469,109.24784
4472,106.48822
4475,93.92322
4478,95.98669
4479,116.709564
4480,96.85235
4483,79.86226
4484,94.14757
4485,109.25732
4486,100.6094
4488,99.9141
4489,110.84397
4490,94.82002
4491,97.755875
4492,94.55616
4493,102.40861
4494,97.91244
4495,97.94603
4498,77.0618
4499,91.710945
4500,101.66026
4503,107.277534
4505,102.337776
4506,98.12477
4507,95.35205
4508,103.720985
4510,111.76979
4511,90.167175
4513,102.58974
4516,80.28133
4519,95.64638
4521,104.959885
4531,91.85862
4532,77.80833
4533,103.00168
4534,101.10327
4536,103.720985
4537,94.32666
4539,98.43493
4542,102.843094
4545,94.85575
4549,90.971115
4551,97.292496
4554,102.146484
4556,107.87242
4559,109.43406
4561,112.833244
4562,108.74484
4566,112.92445
4569,93.68671
4570,110.61571
4573,94.7197
4574,100.682755
4575,95.25345
4577,92.677155
4578,109.830284
4580,98.595215
4582,95.64437
4583,110.01222
4585,94.12935
4587,103.720985
4595,94.53721
4596,106.03838
4601,100.22504
4602,110.73243
4603,93.693695
4605,102.624954
4606,94.44779
4607,109.107056
4608,94.69804
4610,95.6917
4613,109.886375
4617,94.8577
4618,110.04632
4619,93.94539
4620,96.40791
4622,98.50103
4625,94.01692
4626,103.720985
4627,95.12106
4629,86.76628
4631,90.72991
4633,103.720985
4634,108.38334
4635,95.604294
4639,97.0705
4640,107.06496
4642,105.60515
4644,98.66874
4646,103.720985
4647,98.601845
4648,73.61755
4649,93.37772
4650,107.79753
4655,90.971115
4660,93.16713
4661,111.860214
4662,92.02645
4663,115.490364
4665,98.83341
4666,112.84454
4667,105.942635
4668,94.87202
4670,92.97136
4671,102.1035
4672,99.602196
4673,105.65885
4675,108.53061
4676,95.52977
4677,109.97606
4680,96.950356
4682,96.70029
4683,109.55311
4685,103.20122
4686,93.82575
4688,110.070114
4690,101.33101
4692,108.672874
4693,94.508194
4697,90.971115
4700,103.8358
4702,109.374306
4707,117.662766
4708,94.01692
4710,80.75175
4716,106.80577
4717,96.67426
4718,96.382645
4720,96.45906
4721,78.71557
4723,97.34263
4726,111.78229
4727,90.88625
4729,96.28113
4731,98.90693
4732,107.068695
4735,104.2612
4736,104.78291
4737,93.693695
4738,107.44434
4739,108.574615
4744,106.05192
4747,97.24026
4749,104.36937
4750,94.01692
4752,110.01222
4755,101.05099
4756,106.46277
4757,113.33393
4758,93.40863
4759,103.87048
4763,97.225845
4764,104.60202
4765,94.455765
4766,95.71291
4767,98.5963
4769,109.95729
4770,95.1941
4771,80.15385
4772,103.89572
4774,110.995476
4776,101.18546
4777,107.88787
4778,101.907524
4780,93.49322
4784,94.710075
4786,103.57283
4787,77.73476
4788,95.3203
4789,110.01222
4791,103.56772
4792,96.546234
4795,110.57401
4796,91.00516
4803,93.47437
4805,93.19527
4807,95.393616
4809,95.48839
4816,92.826126
4817,79.40765
4818,90.47553
4820,92.73749
4821,102.79581
4823,111.88289
4824,96.90863
4825,112.77183
4829,94.129974
4830,97.06843
4831,111.813644
4833,101.71546
4836,93.49236
4837,110.070114
4838,95.505264
4840,94.65406
4841,79.61941
4842,91.06395
4843,104.46345
4844,94.64269
4849,107.53525
4851,99.32772
4852,93.570145
4858,93.20001
4860,97.06843
4863,110.84626
4864,96.6483
4865,110.17151
4867,98.502846
4868,97.619095
4869,109.25388
4873,92.24963
4875,103.09354
4876,109.488815
4877,96.04357
4878,110.792046
4880,77.81018
4886,109.813446
4888,107.31683
4889,93.49724
4890,108.26386
4893,94.62581
4895,97.511765
4896,102.04278
4899,93.104416
4901,100.92794
4902,110.17925
4903,97.33813
4904,110.01222
4910,92.99874
4912,93.43403
4915,96.418686
4916,104.91899
4917,99.8514
4920,103.89572
4927,105.70117
4928,94.16459
4931,106.48019
4934,92.50022
4936,93.36885
4939,107.703865
4942,112.64338
4943,100.012726
4944,102.53645
4945,97.166824
4947,109.21004
4948,91.89105
4951,94.78463
4952,110.01222
4953,94.44089
4956,97.33813
4957,119.306
4958,101.79679
4960,96.62612
4968,96.38506
4969,104.65188
4971,107.20848
4973,111.50056
4975,109.42601
4976,95.37405
4978,95.69066
4979,97.98584
4982,96.867256
4983,106.0493
4984,99.2375
4985,117.15445
4986,99.39541
4987,113.38445
4988,98.885284
4994,99.823654
4995,94.13215
5002,80.349945
5004,93.06104
5005,103.22012
5006,98.96167
5007,103.557816
5009,109.36213
5011,111.50056
5014,104.694405
5015,103.4942
5018,97.59267
5019,112.08447
5020,94.05929
5021,107.185524
5022,92.63257
5023,99.12198
5025,96.565956
5032,103.64854
5034,92.4602
5036,91.71358
5038,94.4602
5039,112.38371
5046,98.60806
5049,112.08447
5051,92.08825
5052,92.63861
5053,110.995476
5054,95.58513
5055,91.87102
5057,94.32666
5059,93.34784
5062,100.98947
5063,111.2722
5065,110.39062
5069,97.15087
5071,99.37401
5074,106.99559
5075,93.325356
5076,93.776825
5077,77.78401
5079,103.19367
5080,96.43851
5081,110.65703
5083,105.100914
5088,107.283295
5089,94.4571
5093,103.498886
5094,102.59085
5095,95.45455
5099,105.78355
5101,112.46828
5103,104.95738
5104,93.745735
5105,106.48351
5107,94.06679
5108,106.41117
5109,97.03264
5111,95.134155
5112,109.23722
5113,99.99411
5114,102.11746
5115,93.657845
5118,95.1204
5122,95.58513
5123,79.8823
5125,94.87927
5127,106.38847
5128,97.868675
5129,115.7527
5132,99.39311
5134,105.11586
5135,96.26499
5137,109.16781
5142,92.85517
5143,104.70105
5144,94.69894
5148,95.8116
5149,92.06708
5150,100.78585
5154,77.73476
5155,95.93556
5159,93.48085
5164,93.95506
5165,113.226135
5166,94.28029
5167,105.86269
5169,96.28097
5171,90.694664
5172,111.68031
5176,95.75314
5184,104.060425
5185,95.63452
5186,100.0779
5188,100.202774
5189,105.81772
5190,96.41526
5191,113.226135
5193,110.60866
5196,92.1382
5199,81.100815
5200,107.973595
5203,97.46454
5204,111.22562
5205,99.942795
5207,95.97279
5208,99.56964
5212,98.3955
5214,97.89304
5218,97.64342
5220,98.02685
5222,91.09671
5224,95.83539
5225,103.947075
5227,110.50764
5229,106.54164
5232,92.00934
5233,118.54155
5234,101.30007
5237,110.17105
5239,111.5296
5240,92.9539
5241,112.08447
5244,93.98714
5248,109.83304
5251,91.5172
5253,93.91739
5255,96.90823
5256,96.06977
5257,94.01931
5259,98.69823
5260,110.32021
5266,94.54805
5268,96.340935
5275,110.65703
5276,104.39736
5277,95.39119
5279,95.90681
5280,106.63074
5281,92.69915
5283,101.512634
5284,78.894
5285,93.96146
5286,102.69082
5287,96.74078
5289,93.45856
5290,110.60866
5292,109.89565
5293,97.04468
5294,105.34312
5297,93.654976
5299,96.49275
5302,93.40584
5305,78.760956
5306,95.62402
5308,97.39521
5309,96.20942
5310,114.03238
5312,110.96253
5316,107.428665
5317,97.137764
5319,79.8823
5320,96.39526
5323,101.491264
5329,99.30886
5331,107.62667
5334,105.88064
5336,110.92818
5338,102.15853
5341,107.719696
5345,99.46532
5348,97.60298
5349,110.03334
5355,102.65872
5356,98.39805
5360,109.51208
5362,106.94618
5364,107.0747
5366,102.341095
5367,95.34815
5368,92.17908
5370,96.131096
5371,77.73476
5373,106.605736
5375,110.17105
5376,96.40717
5378,105.96503
5379,98.30676
5383,94.75255
5384,101.33686
5389,112.40328
5391,78.154564
5393,111.338326
5395,110.348236
5397,109.8344
5398,93.516754
5399,113.779526
5401,118.594124
5402,97.29645
5403,111.97031
5404,97.10997
5407,78.23149
5408,93.27481
5413,111.06871
5414,102.49839
5417,94.50802
5418,109.89565
5420,108.80163
5421,94.90492
5424,99.77531
5425,111.22562
5426,103.67439
5429,111.53658
5431,96.38451
5437,102.81486
5440,93.73615
5444,108.388336
5446,102.53375
5447,103.10381
5451,97.106476
5452,107.91604
5455,101.30007
5456,95.70423
5458,92.46515
5459,100.323875
5460,95.10429
5462,95.77927
5463,109.07153
5464,92.774536
5465,108.007675
5466,99.36666
5467,105.05634
5468,105.63244
5469,113.32329
5472,93.55126
5474,94.56671
5475,93.996605
5476,95.70055
5479,106.870895
5480,111.967155
5482,106.55991
5485,92.60631
5486,118.4744
5488,79.22689
5495,106.54164
5496,98.03591
5497,108.25997
5499,106.0627
5503,93.210915
5504,94.5861
5507,97.28547
5509,106.61844
5511,93.281334
5512,108.58231
5516,111.175705
5517,95.16635
5518,101.70119
5521,96.17652
5522,104.97682
5527,103.56097
5528,97.485
5529,105.81772
5532,104.64689
5533,106.189
5535,104.64311
5536,102.30074
5540,96.29557
5547,93.22312
5548,111.29514
5550,77.93259
5551,94.68815
5554,108.11509
5555,102.77636
5559,104.14609
5560,100.3855
5561,107.94488
5562,98.67146
5563,109.534874
5565,80.13831
5566,98.992424
5567,103.29282
5568,94.3728
5572,95.30747
5574,95.154594
5576,100.12615
5579,110.13971
5580,83.30571
5581,91.86907
5583,95.850266
5584,110.46769
5586,108.44967
5587,94.61511
5589,101.36303
5591,103.38281
5592,93.288895
5593,106.77267
5594,96.76062
5595,82.786064
5596,110.070114
5597,103.32489
5598,116.52554
5599,97.166824
5602,113.06029
5603,96.76062
5605,93.74494
5607,94.12963
5608,97.60508
5609,95.13189
5610,93.8206
5612,94.4565
5613,105.81772
5614,102.95988
5616,94.387825
5621,96.0845
5623,96.578415
5628,113.50667
5629,94.83529
5631,115.68505
5633,100.18854
5638,102.149895
5639,95.45908
5640,99.45099
5645,97.08512
5646,79.964424
5649,95.904236
5653,103.28367
5655,109.77953
5656,96.47313
5658,95.978325
5662,115.38295
5663,91.627686
5667,92.13762
5670,97.166824
5671,100.48876
5672,95.04183
5673,101.906395
5674,92.38675
5675,104.15191
5676,95.62516
5679,111.967155
5683,106.160934
5687,96.577324
5688,78.21525
5690,98.82449
5691,113.22013
5692,96.774994
5693,118.74214
5694,93.941414
5697,107.91977
5698,92.412
5699,110.3736
5704,95.89756
5707,111.967155
5709,97.7114
5710,92.19375
5714,95.23562
5718,93.24165
5721,94.84477
5723,93.63174
5724,110.39062
5725,94.01692
5726,104.172485
5729,98.10076
5730,101.70119
5731,97.480644
5733,77.301956
5736,94.74167
5741,104.160385
5745,111.59271
5747,96.02584
5748,105.92234
5750,108.93441
5751,109.49814
5752,95.98516
5754,93.89849
5755,95.052284
5757,99.84535
5758,116.90891
5760,106.64203
5762,102.79476
5766,106.41611
5768,100.012726
5769,117.610245
5770,97.17895
5771,111.95543
5772,92.69763
5773,103.321945
5774,98.218475
5776,93.85625
5777,110.3736
5778,93.24466
5780,112.38371
5782,92.30075
5783,77.70219
5784,97.23912
5786,95.59991
5788,93.654854
5789,98.69719
5790,96.29561
5791,106.50974
5793,99.39668
5794,97.393555
5796,118.01973
5797,96.52759
5801,99.92126
5803,96.577324
5804,105.00777
5805,94.38437
5806,77.76912
5808,110.542114
5813,95.27841
5815,97.31953
5816,105.626335
5822,97.904655
5823,110.42603
5825,107.6039
5827,109.69836
5829,98.920555
5830,99.52639
5831,96.63749
5832,96.272285
5833,110.542114
5837,113.27397
5838,92.96974
5839,97.02199
5842,99.45099
5844,107.65913
5845,94.822975
5846,109.23219
5848,76.94334
5850,107.84368
5851,92.34177
5853,100.012726
5854,104.84321
5858,99.45099
5860,111.60309
5864,103.08659
5866,96.56349
5867,111.967155
5868,95.506386
5869,111.874825
5870,92.38227
5871,106.61764
5874,113.226135
5876,110.01669
5877,91.26374
5878,94.48899
5879,112.052574
5880,102.95854
5884,91.96232
5886,110.009605
5890,99.5935
5896,97.10689
5897,103.21236
5898,100.012726
5901,106.00704
5903,110.995476
5906,93.8206
5908,111.967155
5909,94.89804
5910,105.81772
5911,93.718025
5912,106.75401
5914,113.226135
5919,111.3367
5924,94.558754
5926,94.061745
5929,103.78871
5930,99.808945
5932,93.14048
5933,109.09525
5934,91.98767
5935,111.69449
5936,96.123665
5937,111.980896
5938,96.23521
5939,105.22048
5942,100.81099
5943,91.53288
5944,98.852325
5946,111.331314
5951,94.5495
5953,100.70219
5954,95.30465
5957,104.61222
5961,95.900406
5962,99.29334
5964,78.68528
5965,96.26162
5968,113.226135
5969,95.150696
5974,93.49454
5975,97.00193
5978,79.61941
5981,101.70119
5982,97.26923
5983,102.42633
5989,107.41491
5991,92.551285
5992,98.58743
5995,99.46861
5996,102.758064
5997,108.93268
5998,95.67802
5999,77.91642
6001,106.818245
6002,95.83809
6003,98.78211
6004,95.30465
6006,106.80788
6007,96.046104
6011,99.4613
6012,110.73394
6014,93.718025
6015,102.08642
6016,94.0444
6017,109.056564
6018,100.012726
6024,95.542786
6025,102.26402
6026,111.59061
6028,110.412735
6029,77.72478
6030,96.573425
6036,113.226135
6040,94.38437
6041,111.78229
6042,94.33846
6044,96.73123
6045,106.50974
6047,102.27705
6048,97.23625
6049,98.64545
6051,116.52554
6052,99.88981
6053,90.97072
6054,108.50925
6058,97.309235
6059,96.14327
6062,96.6189
6063,118.13869
6064,103.40795
6065,94.38437
6067,101.924446
6068,110.6845
6070,102.45548
6071,109.64264
6072,110.009605
6080,110.009605
6081,93.67313
6084,100.24146
6087,92.14751
6089,103.47294
6092,110.009605
6094,93.375984
6095,110.070114
6097,110.78239
6100,99.24291
6104,109.70326
6105,93.9977
6106,102.42646
6107,80.63598
6108,95.046196
6109,110.009605
6110,94.556915
6114,110.009605
6116,94.63276
6117,96.42693
6118,94.41452
6123,78.37689
6125,110.995476
6128,104.401405
6130,103.378815
6132,104.528076
6137,79.06632
6139,112.85637
6140,97.174644
6141,109.958496
6142,104.808395
6144,103.62462
6145,96.26038
6146,97.62951
6149,93.31117
6156,93.12661
6159,110.93449
6160,97.174644
6162,104.710594
6164,99.34414
6165,93.04782
6168,78.58004
6169,110.542114
6170,95.485435
6171,105.91271
6172,91.56436
6173,106.286285
6176,98.10076
6177,92.013664
6178,94.64212
6180,96.66207
6181,106.59884
6182,96.680725
6185,93.41041
6186,110.803795
6188,107.42262
6189,97.28456
6192,100.24146
6193,92.57638
6194,106.50974
6195,96.774124
6196,118.16551
6197,91.865906
6201,109.15361
6202,93.8206
6203,97.77083
6204,93.867485
6207,117.0159
6209,96.77113
6210,93.99821
6211,112.03242
6213,110.760956
6216,90.60098
6217,94.142914
6219,94.4565
6222,77.81018
6223,111.39244
6235,97.949265
6240,97.85652
6242,94.98122
6247,92.38675
6251,108.43686
6254,113.95197
6255,94.1367
6260,101.54836
6261,92.90068
6262,99.17685
6264,112.268135
6269,109.52192
6271,97.822014
6275,107.132164
6276,93.34688
6278,116.0632
6279,111.59271
6281,113.95159
6284,91.96867
6286,96.05373
6287,76.86407
6288,95.19748
6292,96.424416
6293,93.928696
6295,96.90354
6298,105.64434
6300,105.042496
6304,106.839
6308,105.1692
6310,94.00714
6312,110.009605
6320,97.480644
6324,92.94253
6325,106.992455
6330,103.51647
6336,107.98305
6340,101.943855
6341,97.949265
6342,100.4844
6344,101.79092
6345,105.747894
6347,111.29514
6348,94.32789
6349,105.64434
6351,77.73476
6353,107.802925
6354,93.73213
6357,93.411575
6358,99.61307
6360,99.36012
6363,113.50667
6364,90.6958
6368,110.41013
6370,95.47407
6371,95.10276
6377,98.777275
6379,95.08649
6381,94.94475
6382,77.73476
6383,111.29514
6388,110.4057
6390,108.50696
6392,98.920555
6393,98.964325
6395,94.43349
6398,103.24656
6401,77.76912
6402,94.40892
6403,111.07531
6405,97.00494
6406,91.57191
6407,110.05509
6409,105.02367
6411,93.25663
6413,95.61103
6416,97.69068
6417,103.08136
6418,92.17236
6419,118.40306
6420,106.05705
6426,104.90085
6429,95.475105
6430,93.38689
6431,111.07531
6432,96.67058
6434,105.18708
6437,109.69757
6438,95.93702
6439,103.52019
6440,92.92577
6441,94.74786
6442,109.85593
6443,97.32884
6445,95.91867
6448,111.596214
6450,103.51643
6453,95.742485
6455,105.21443
6457,93.5007
6458,98.692116
6461,95.95428
6464,111.8159
6467,95.73839
6469,102.59977
6470,78.77056
6471,97.26061
6473,102.80472
6474,92.38661
6479,94.467094
6481,100.108215
6484,110.94877
6495,89.60298
6496,105.272934
6505,108.30823
6506,91.83358
6508,97.72376
6509,95.78811
6510,106.79595
6512,102.039024
6513,95.97756
6514,111.49632
6515,92.8976
6519,95.671196
6521,97.35662
6523,77.93259
6525,102.08061
6526,99.51441
6528,95.66044
6529,100.34698
6531,109.01113
6533,100.78585
6534,93.76669
6535,110.96037
6536,93.152084
6537,112.096054
6540,92.94055
6541,111.29514
6547,102.74076
6548,98.431725
6551,107.96605
6553,108.75517
6555,100.24146
6556,97.572266
6561,77.731384
6564,94.16215
6565,110.96037
6568,98.35697
6569,109.85593
6573,99.584114
6574,95.59998
6577,112.80731
6579,113.50667
6581,95.70576
6582,109.488815
6585,97.76205
6586,94.24444
6589,103.6248
6590,77.47649
6593,102.79172
6594,110.62712
6595,91.369156
6599,93.768654
6600,93.588295
6601,110.224915
6602,90.6958
6603,111.596214
6604,95.485435
6607,108.424095
6608,111.37423
6609,94.14483
6611,94.48718
6613,109.85593
6614,97.48638
6616,96.34186
6617,109.85593
6618,95.38465
6619,103.20543
6621,100.24146
6627,100.22332
6629,107.37606
6631,76.94334
6634,95.50817
6636,96.73596
6638,98.35697
6639,109.85593
6641,110.05509
6642,97.97438
6651,116.96365
6654,77.73153
6657,95.1462
6663,92.81517
6665,101.63962
6666,96.07322
6668,95.35841
6669,100.1419
6670,96.88794
6671,99.53117
6673,97.969864
6675,96.3332
6676,77.73476
6677,94.646194
6679,96.03035
6680,106.60039
6681,106.79595
6685,106.4667
6688,94.86004
6689,90.02293
6690,95.85913
6692,109.85593
6693,92.365456
6694,95.940895
6698,118.4513
6699,92.210175
6700,108.69047
6701,93.5007
6702,112.5816
6704,90.02293
6707,108.706055
6712,110.79008
6713,93.01804
6715,106.44035
6721,109.531815
6722,94.4565
6723,109.81923
6724,92.97796
6725,118.54588
6731,110.59163
6735,90.867256
6736,104.69702
6737,109.62777
6738,98.36555
6739,100.775085
6741,101.99894
6743,98.007835
6745,95.35841
6747,110.319374
6749,93.59201
6750,106.79651
6751,115.229004
6752,107.34036
6753,109.85593
6755,106.8037
6756,94.37608
6757,104.15178
6759,110.36003
6761,93.74948
6763,97.26061
6764,117.610245
6765,98.89596
6766,112.96209
6768,106.76483
6771,90.02293
6773,94.25384
6774,97.73032
6778,108.8343
6779,96.34733
6781,95.56826
6784,109.65353
6786,99.14737
6787,98.3538
6790,100.94528
6793,101.80027
6795,109.85593
6798,111.51532
6806,96.55558
6807,94.76625
6810,93.41823
6815,103.61229
6816,92.48467
6817,97.7195
6818,94.32451
6819,102.27705
6820,96.16499
6822,95.673225
6823,116.52554
6824,110.542114
6825,97.77909
6828,77.34981
6829,112.62918
6831,103.11398
6832,94.47617
6833,109.300545
6834,97.174644
6836,104.70588
6837,110.96576
6838,93.021965
6840,100.62581
6843,93.43589
6845,90.60175
6846,94.54185
6847,105.45246
6851,102.43336
6852,95.855034
6853,102.8599
6858,106.57373
6861,110.92818
6863,110.224915
6864,78.23149
6865,95.004265
6866,109.80011
6867,103.70716
6868,99.699875
6869,94.4992
6870,110.542114
6874,106.178345
6875,94.43608
6877,106.81791
6878,99.80008
6880,94.6688
6883,102.73322
6884,97.3929
6886,95.71786
6890,99.917114
6893,107.925026
6894,91.5233
6899,106.81791
6900,94.6353
6904,92.82233
6905,106.635376
6906,95.32709
6910,94.742
6912,102.687195
6913,113.88336
6920,95.59731
6922,96.811356
6923,109.85593
6926,96.80077
6927,106.92133
6928,91.96988
6931,116.50989
6933,92.98731
6936,90.28443
6937,110.338524
6939,96.6599
6941,98.888
6942,104.977486
6943,95.29002
6944,100.03779
6945,91.727066
6946,106.81095
6947,117.965645
6949,103.498634
6951,104.22484
6953,102.474396
6954,95.40698
6955,105.01058
6963,110.4956
6964,97.43685
6966,98.457726
6968,91.412285
6970,106.59884
6972,108.61495
6976,106.90804
6978,109.80011
6981,95.90218
6985,108.70254
6986,94.33859
6987,110.62524
6989,101.528175
6991,116.52554
6993,112.244896
6994,97.87838
6995,107.97382
6996,93.83342
6997,113.17607
6998,80.89583
7001,107.586426
7003,110.152504
7006,91.110825
7008,94.39979
7010,90.58972
7011,97.31828
7012,96.31864
7013,94.61538
7014,108.72922
7017,98.45197
7018,94.074715
7019,93.12041
7023,91.81513
7024,101.99909
7025,92.649155
7026,110.311165
7027,93.488655
7028,118.71242
7030,109.85593
7031,98.60607
7033,103.46117
7036,95.87601
7037,95.08314
7039,93.35879
7044,94.17504
7045,110.96576
7046,105.212906
7049,94.42146
7050,95.11045
7051,106.59884
7054,108.24559
7055,94.17295
7057,90.27871
7060,106.81791
7061,100.012726
7063,91.202126
7064,108.22374
7067,94.6688
7071,100.369545
7074,105.41271
7075,93.75035
7078,110.96576
7079,90.006294
7080,104.23665
7081,98.570755
7082,110.624535
7083,93.389206
7085,92.21285
7092,102.15402
7094,94.27923
7100,93.13197
7101,104.14683
7102,109.80011
7104,108.379814
7105,100.012726
7106,96.73217
7107,102.44817
7108,77.5866
7109,93.79674
7110,110.338524
7112,93.06227
7113,106.839
7114,102.980736
7116,109.64128
7117,100.11077
7118,98.146
7120,91.97157
7121,101.93745
7123,103.350914
7124,96.484344
7127,106.42403
7131,104.4264
7132,94.32451
7133,97.333725
7134,108.39685
7135,92.76172
7136,109.40729
7137,92.18378
7141,95.46264
7144,105.02367
7147,105.98786
7148,97.89082
7150,96.062416
7151,91.97157
7152,104.25847
7154,94.966606
7156,96.62339
7157,107.25762
7159,118.13869
7161,103.99014
7163,96.60691
7164,98.53312
7167,78.73832
7169,102.784515
7170,95.88118
7173,96.26723
7174,108.15106
7177,110.27193
7178,106.88099
7179,96.80967
7180,80.32613
7181,112.052574
7182,94.8279
7184,95.89756
7185,110.29478
7186,93.21809
7187,117.08886
7188,93.561554
7189,108.64645
7191,103.06303
7193,106.84134
7197,96.728874
7199,92.99071
7200,110.624535
7201,92.76172
7204,94.662094
7207,107.17089
7209,110.224915
7210,94.740585
7211,97.332855
7213,93.94926
7214,113.17607
7216,112.15212
7217,93.40024
7220,106.991684
7224,109.85593
7225,93.83548
7226,112.15212
7227,93.98653
7234,110.29478
7236,80.4899
7239,108.23449
7240,92.170135
7242,115.90349
7244,107.37688
7245,91.28234
7247,94.6913
7248,94.89939
7249,117.15445
7250,109.42422
7251,94.164505
7252,109.4274
7253,78.154564
7256,92.8208
7260,96.75039
7261,113.80516
7264,99.22197
7269,110.35692
7270,91.44868
7273,104.845665
7279,93.26796
7281,111.57262
7284,93.39898
7285,112.98302
7286,118.01973
7287,93.3725
7289,96.334236
7292,92.85799
7293,111.596214
7296,96.320724
7297,108.80813
7298,92.94973
7299,111.8828
7301,101.7567
7304,110.68585
7306,108.7114
7308,96.334236
7309,95.38872
7312,94.83244
7313,78.154564
7314,96.94764
7316,95.45622
7319,109.32482
7321,113.449104
7323,98.532005
7324,101.19777
7325,95.99752
7328,94.78342
7330,78.16972
7334,95.99752
7337,109.69757
7338,109.19012
7339,95.26186
7341,93.033325
7342,109.69757
7344,100.55374
7345,104.62646
7347,106.84134
7349,111.57262
7350,95.08799
7353,103.808334
7355,110.712105
7356,94.04169
7357,110.82402
7358,100.80024
7360,94.49023
7363,99.064896
7364,95.9256
7366,96.27265
7368,95.168495
7369,108.093605
7370,95.55215
7373,94.154945
7374,101.01072
7375,99.485344
7377,93.160774
7379,97.607086
7380,117.14231
7382,99.97862
7383,92.82002
7385,108.10105
7386,100.502205
7391,95.76371
7394,94.85919
7396,109.42422
7397,96.374886
7399,95.546524
7400,103.90244
7403,77.99947
7405,110.25817
7408,105.38556
7414,109.08588
7416,97.948586
7417,95.86715
7419,94.76191
7420,107.25499
7421,94.593864
7422,97.14357
7423,98.07305
7425,77.73141
7430,101.44724
7432,96.41778
7433,100.91075
7434,104.34671
7436,108.362366
7437,93.411316
7438,107.16811
7440,100.770424
7441,92.65353
7442,107.47733
7445,97.41488
7446,96.26399
7448,107.88126
7450,96.468376
7451,93.0065
7454,103.71866
7455,100.91355
7457,108.67362
7459,97.11056
7462,94.32592
7464,93.0065
7465,101.96634
7466,95.652504
7467,105.77691
7469,102.92151
7472,98.014534
7473,106.74366
7479,95.99752
7480,102.52053
7484,106.03329
7491,92.53119
7494,100.02265
7495,95.50793
7501,99.541954
7503,93.018166
7504,106.775856
7505,95.485435
7508,112.30626
7509,91.30037
7510,78.154564
7511,110.92275
7515,98.32567
7516,101.395966
7517,96.04464
7518,103.49885
7519,92.76663
7521,98.139786
7522,105.41271
7524,100.01421
7526,106.49745
7527,94.54702
7528,102.99262
7529,93.033295
7534,105.81438
7537,107.68857
7538,98.41989
7540,105.45977
7541,111.76941
7545,111.40586
7551,113.788055
7553,93.26507
7554,99.49905
7555,97.3154
7561,111.45507
7562,96.91922
7564,95.053474
7565,100.78045
7566,94.3991
7567,111.341515
7569,100.29227
7570,94.23861
7571,116.96365
7572,101.65441
7574,99.616646
7578,107.6218
7579,91.84901
7586,94.75494
7587,87.72888
7590,92.18653
7593,106.74366
7594,103.71145
7595,94.3991
7600,92.86124
7601,78.640915
7602,93.4704
7603,112.842514
7604,95.16539
7606,99.03117
7608,112.07921
7613,78.37689
7615,110.30275
7616,108.362366
7617,112.23365
7618,94.54702
7619,106.5357
7622,102.83669
7623,103.62487
7624,95.85927
7625,103.50767
7626,93.11508
7627,102.13315
7628,77.35874
7631,103.65074
7632,106.4466
7633,95.13404
7634,105.26087
7635,94.389336
7636,112.35857
7637,112.35857
7639,91.350296
7640,77.78401
7644,110.624535
7645,93.22487
7648,102.62042
7649,97.30457
7650,110.52202
7652,101.96634
7653,93.79399
7655,95.907455
7659,111.27363
7662,96.928894
7664,98.23723
7666,95.714714
7668,102.157394
7669,107.28589
7670,96.51707
7672,104.09757
7673,109.37475
7678,97.72953
7679,78.01215
7680,100.78585
7683,95.29735
7685,118.01973
7688,94.15472
7690,108.10786
7692,91.58583
7693,94.2459
7695,109.69757
7696,98.14907
7698,96.94479
7699,111.25241
7702,92.87368
7703,111.26973
7704,97.902054
7707,110.92275
7713,78.765945
7715,103.73178
7717,111.27581
7718,101.04132
7719,102.43425
7721,105.809586
7722,103.99482
7725,98.42942
7727,102.300095
7730,80.31315
7733,92.24271
7735,100.8421
7740,111.26973
7741,111.06391
7742,92.510315
7744,97.53835
7747,94.27952
7750,77.68215
7752,107.78258
7754,106.678925
7756,106.02782
7757,98.1446
7758,96.215195
7760,100.78585
7761,92.19964
7763,101.89444
7765,94.17803
7767,112.35857
7768,91.65102
7771,98.812416
7773,97.33997
7774,99.39735
7776,96.649826
7779,91.83223
7783,93.180504
7786,98.028786
7787,102.9614
7789,92.87035
7791,93.84186
7793,104.51631
7794,98.882034
7795,93.38686
7799,78.37689
7800,99.423615
7802,103.70512
7805,98.36211
7807,98.65989
7808,95.597534
7811,103.583176
7817,108.362366
7818,106.4466
7819,93.93418
7822,91.79447
7823,110.44405
7825,113.618645
7828,96.08904
7832,96.75039
7833,80.34687
7834,102.16121
7835,94.566124
7837,97.26925
7840,98.25558
7842,94.545105
7843,117.87366
7844,91.242485
7846,92.19964
7850,98.644104
7853,110.05509
7855,114.63448
7858,94.31773
7863,113.069115
7865,110.79008
7866,100.50749
7868,92.23925
7869,111.07149
7871,78.73832
7872,99.45123
7874,99.74881
7877,108.4142
7878,93.22487
7879,106.533424
7881,95.67671
7883,92.39878
7885,98.1125
7886,93.26507
7889,96.60604
7890,102.593414
7891,96.90959
7893,96.05373
7894,103.04878
7896,110.52202
7898,105.086754
7901,97.2928
7902,106.84134
7904,104.714
7905,96.12347
7906,102.67923
7909,95.95028
7910,103.39096
7913,95.45608
7918,110.10813
7919,91.76015
7923,94.20271
7925,91.827225
7927,92.56934
7930,93.624466
7932,99.85208
7933,95.47415
7935,94.12086
7939,101.760124
7942,99.49165
7943,102.97577
7945,98.93313
7946,95.168495
7948,99.30273
7949,106.74366
7950,93.372154
7951,112.35857
7955,105.26608
7959,95.93531
7960,111.26973
7961,95.71431
7962,105.4101
7964,98.87021
7965,94.91885
7966,110.624535
7967,103.51523
7968,101.3523
7971,109.72578
7974,91.76015
7976,102.056274
7978,108.77326
7982,111.26973
7983,95.93086
7984,102.23856
7986,94.64887
7989,106.74366
7991,106.84134
7992,108.44145
7993,102.14715
7994,109.80011
7995,96.75039
7997,93.82841
7998,102.23856
7999,108.362366
8002,92.189156
8007,95.630264
8009,100.32712
8011,97.84828
8013,99.63809
8015,104.030945
8017,112.592766
8019,118.01973
8023,93.582016
8024,109.69757
8026,107.7069
8027,94.408775
8029,96.60691
8030,102.532745
8031,96.171776
8033,103.96821
8035,101.14322
8036,104.977264
8039,109.00629
8042,91.02343
8044,94.06903
8046,77.72916
8048,115.05342
8049,96.12347
8050,104.37888
8053,96.6036
8054,97.0014
8059,93.61385
8061,94.216965
8062,110.66846
8064,105.557045
8066,106.36224
8067,98.48762
8068,96.40723
8070,97.19185
8071,111.596214
8072,95.78601
8076,94.40364
8080,91.856926
8081,106.38892
8084,100.499954
8087,101.47807
8089,90.97769
8090,117.610245
8091,103.265465
8094,113.65426
8100,92.084915
8101,92.85464
8110,95.39079
8111,106.84134
8112,96.25073
8115,103.726524
8116,100.67532
8118,105.557045
8121,118.40306
8125,111.636086
8127,105.629105
8128,99.4891
8129,106.82846
8131,99.94815
8138,96.61673
8139,102.741394
8140,93.31806
8141,97.33997
8142,119.12435
8143,109.76019
8145,107.7069
8146,91.15562
8148,110.1935
8153,110.75107
8154,90.781654
8155,107.11467
8161,95.49387
8162,109.38356
8163,91.30037
8166,111.06365
8168,112.14841
8170,95.17519
8172,106.84134
8173,93.44176
8176,105.01951
8179,102.63545
8181,94.19489
8182,117.48028
8184,110.54803
8190,100.78585
8191,94.70449
8194,102.73249
8196,109.36509
8198,106.63464
8199,111.175705
8201,111.331345
8202,95.27836
8207,95.123886
8208,106.567535
8211,112.30749
8214,110.052284
8217,96.80827
8218,99.223885
8222,95.10966
8229,107.915504
8231,95.73995
8233,94.71825
8236,93.93988
8238,107.2735
8240,99.65533
8243,96.47131
8246,99.89207
8250,93.29826
8254,105.33152
8256,77.853424
8257,96.29934
8258,96.984825
8260,94.225845
8261,105.26787
8263,109.84149
8264,96.290115
8267,105.98521
8268,93.72559
8271,98.02086
8272,106.567535
8275,95.52267
8276,93.89936
8277,105.65789
8278,118.03663
8279,93.53363
8280,107.76767
8281,98.165146
8282,96.23952
8287,111.105865
8288,90.42494
8289,108.027916
8294,101.16903
8296,96.90709
8299,99.47904
8302,103.6755
8308,109.43921
8314,105.932045
8315,102.20181
8316,111.46297
8317,98.05378
8319,105.044685
8320,94.7812
8321,117.40211
8323,94.59936
8325,98.91156
8326,111.15283
8328,107.29399
8330,101.193245
8331,96.09272
8332,109.02818
8334,95.11928
8338,89.723274
8339,97.44198
8341,96.89198
8345,110.39858
8346,95.78245
8347,105.91803
8349,95.59605
8351,100.02455
8352,108.4601
8353,107.29399
8355,106.78646
8358,109.99504
8359,98.21839
8360,95.91511
8361,107.44395
8363,99.18742
8364,96.541336
8365,96.07562
8366,108.54571
8370,101.43526
8372,96.43413
8376,99.18515
8377,105.51572
8379,108.32954
8380,95.31981
8381,105.46707
8386,92.08614
8388,103.98883
8389,95.109825
8391,108.4104
8394,105.33152
8396,107.903915
8398,100.23587
8400,111.59271
8401,96.005356
8404,96.89198
8407,97.80358
8408,109.50082
8409,107.34223
8410,107.09167
8411,101.52431
8413,98.40987
8414,107.25606
8416,95.26893
